{
	"partitions" : [
		{
			"name" : "Top",
			"pins" : [
				{
					"name" : "HEX0_0",
					"strict" : false
				},
				{
					"name" : "HEX0_1",
					"strict" : false
				},
				{
					"name" : "HEX0_2",
					"strict" : false
				},
				{
					"name" : "HEX0_3",
					"strict" : false
				},
				{
					"name" : "HEX0_4",
					"strict" : false
				},
				{
					"name" : "HEX0_5",
					"strict" : false
				},
				{
					"name" : "HEX0_6",
					"strict" : false
				},
				{
					"name" : "HEX1_0",
					"strict" : false
				},
				{
					"name" : "HEX1_1",
					"strict" : false
				},
				{
					"name" : "HEX1_2",
					"strict" : false
				},
				{
					"name" : "HEX1_3",
					"strict" : false
				},
				{
					"name" : "HEX1_4",
					"strict" : false
				},
				{
					"name" : "HEX1_5",
					"strict" : false
				},
				{
					"name" : "HEX1_6",
					"strict" : false
				},
				{
					"name" : "Led",
					"strict" : false
				},
				{
					"name" : "HEX2_7",
					"strict" : false
				},
				{
					"name" : "HEX2_8",
					"strict" : false
				},
				{
					"name" : "HEX2_9",
					"strict" : false
				},
				{
					"name" : "HEX2_10",
					"strict" : false
				},
				{
					"name" : "HEX2_11",
					"strict" : false
				},
				{
					"name" : "HEX2_12",
					"strict" : false
				},
				{
					"name" : "HEX2_13",
					"strict" : false
				},
				{
					"name" : "HEX3_7",
					"strict" : false
				},
				{
					"name" : "HEX3_8",
					"strict" : false
				},
				{
					"name" : "HEX3_9",
					"strict" : false
				},
				{
					"name" : "HEX3_10",
					"strict" : false
				},
				{
					"name" : "HEX3_11",
					"strict" : false
				},
				{
					"name" : "HEX3_12",
					"strict" : false
				},
				{
					"name" : "HEX3_13",
					"strict" : false
				},
				{
					"name" : "LED_PISO",
					"strict" : false
				},
				{
					"name" : "clock_sistema",
					"strict" : false
				},
				{
					"name" : "clock_memoria",
					"strict" : false
				},
				{
					"name" : "HEX5_0",
					"strict" : false
				},
				{
					"name" : "HEX5_2",
					"strict" : false
				},
				{
					"name" : "HEX5_1",
					"strict" : false
				},
				{
					"name" : "HEX5_3",
					"strict" : false
				},
				{
					"name" : "HEX5_4",
					"strict" : false
				},
				{
					"name" : "HEX5_5",
					"strict" : false
				},
				{
					"name" : "HEX5_6",
					"strict" : false
				},
				{
					"name" : "BTN",
					"strict" : false
				},
				{
					"name" : "ent_clcok",
					"strict" : false
				}
			]
		}
	]
}